,ds,yhat,yhat_lower,yhat_upper
299,2022-08-10,5746.661852678743,5492.627053716116,6000.638185592263
